,Jan,Feb,Mar,Apr,May,Jun,Jul,Aug,Sep,Oct,Nov,Dec
Employee1,36950.0,36950.0,36950.0,36950.0,36950.0,36950.0,36950.0,36950.0,36950.0,36950.0,36950.0,36950.0
Employee2,44340.0,44340.0,44340.0,44340.0,44340.0,44340.0,44340.0,44340.0,44340.0,44340.0,44340.0,44340.0
Employee3,55425.00000000001,55425.00000000001,55425.00000000001,55425.00000000001,55425.00000000001,55425.00000000001,55425.00000000001,55425.00000000001,55425.00000000001,55425.00000000001,55425.00000000001,55425.00000000001
